,Vocabulary_Diversity,Average_Length,Repetition_Rate
GPT,0.5265700483091788,13.8,0.0026041666666666665
BLIP-2,0.3911290322580645,8.266666666666667,0.0045871559633027525
ClipCap,0.3494809688581315,9.633333333333333,0.0
Claude,0.49770642201834864,14.533333333333333,0.0049261083743842365
